Question"Is data science a good career for the next 10 to 20 years? Many say that it will change and it isn’t really the best choice, but is that true?"
"What should I be doing to build a career in Machine Learning? Where do I begin, and what are my options?"
"Who gets paid more, Data Scientists or Machine Learning engineers?"
"Who pays more salary, a data science/AI/ML startup or an MNC?"
I want to pursue my career in machine learning after 10 years of experience as embedded software engineer. How do I make a smooth transition?
Is data science a good choice for a long-term career?
I want to make a career in machine learning and artificial intelligence in India. What should be my career path?
What is the scope of machine learning as a fresher or with a PG degree in ML and AI?
How can ML be good for a fresher for placement?
Is there any future in a machine learning career?
"Is data science a good career for the next 10 to 20 years? Many say that it will change and it isn’t really the best choice, but is that true?"
"What should I be doing to build a career in Machine Learning? Where do I begin, and what are my options?"
"Who gets paid more, Data Scientists or Machine Learning engineers?"
"Who pays more salary, a data science/AI/ML startup or an MNC?"
I want to pursue my career in machine learning after 10 years of experience as embedded software engineer. How do I make a smooth transition?
Is data science a good choice for a long-term career?
I want to make a career in machine learning and artificial intelligence in India. What should be my career path?
What is the scope of machine learning as a fresher or with a PG degree in ML and AI?
How can ML be good for a fresher for placement?
Is there any future in a machine learning career?
What is the scope of machine learning in the future?
Are machine learning and data science jobs secure in the covid 19 period?
"I am working as a machine learning engineer, but I don't feel qualified enough for this position. What should I do? How do I explain to my boss that I may not be the right person for the position?"
Is it possible to become a data scientist in 2020 with only a few resources?
I'm a software engineer having ~2 years of experience and want to switch my career path to machine learning. Should I quit my job and start applied AI course and related projects? Is that too risky?
"Is data science a good career for the next 10 to 20 years? Many say that it will change and it isn’t really the best choice, but is that true?"
"What should I be doing to build a career in Machine Learning? Where do I begin, and what are my options?"
"Who gets paid more, Data Scientists or Machine Learning engineers?"
"Who pays more salary, a data science/AI/ML startup or an MNC?"
I want to pursue my career in machine learning after 10 years of experience as embedded software engineer. How do I make a smooth transition?
Is data science a good choice for a long-term career?
