Question"Do some depressed people, after many many years, simply snap out of their depression? Does that happen to anyone or is it literally impossible?"
What are some of the most effective ways to fight depression?
What should a person can do when he/she feel depressed?
How does one overcome depression and anxiety?
How can I overcome depression and a feeling of emptiness?
How do I overcome depression without getting help from anyone?
How should I avoid anxity and depression?
I've become so depressed I rarely leave my bed anymore. I rarely brush my hair or put on normal clothes. I cry constantly. I refuse to see a doctor or take medication. What should I do?
How do I get out of depression?
What is the reason for depression?
"Do some depressed people, after many many years, simply snap out of their depression? Does that happen to anyone or is it literally impossible?"
What are some of the most effective ways to fight depression?
What should a person can do when he/she feel depressed?
How does one overcome depression and anxiety?
How can I overcome depression and a feeling of emptiness?
How do I overcome depression without getting help from anyone?
How should I avoid anxity and depression?
I've become so depressed I rarely leave my bed anymore. I rarely brush my hair or put on normal clothes. I cry constantly. I refuse to see a doctor or take medication. What should I do?
How do I get out of depression?
What is the reason for depression?
"I have depression. I want to be wealthy, but can I be with depression?"
How do I come out of depression?
How do I get out of depression by myself?
How do I stop feel depressed?
What can I do to live well with depression?
"Do some depressed people, after many many years, simply snap out of their depression? Does that happen to anyone or is it literally impossible?"
What are some of the most effective ways to fight depression?
What should a person can do when he/she feel depressed?
How does one overcome depression and anxiety?
How can I overcome depression and a feeling of emptiness?
How do I overcome depression without getting help from anyone?
